Sku,Quick Overview,Image
WG18-3,"<ul>
<li><b>WG18-3-100 Automotive Primary Wire, GPT Standard Wall</b><br/></li><li>Category: <a href=""https://www.waytekwire.com/products/1455/Automotive-Primary-Wire/"" target=""_blank"">Automotive Primary Wire</a></li><li>Automotive primary wire is a general purpose wire for      original
      equipment and replacement automotive applications<br/></li>
<li>
      Smooth jacket surface ideal for pulling through      corrugated loom or conduit
   </li>
<li>
      SAEJ1128-GPT
   </li>
<li>
      Excellent resistance to oil and flame
   </li>
<li>
      Single conductor, stranded, bare copper
   </li>
<li>
      Jacketed polyvinylchloride (PVC)
   </li>
<li>
      Available in drum/barrel quantities at discounted      prices
   </li>
<li>
      Temp rating: -40°F (-40°C)  to  185°F (85°C)
   </li>
<li>
      Larger spool sizes available. See <a href=""//www.waytekwire.com/item/WG18-3/"" target=""_self"">WG18-3</a>
</li>
</ul>",WG18-3.jpg
WG18-7,"<ul>
<li><b>WG18-7-100 Automotive Primary Wire, GPT Standard Wall</b><br/></li><li>Category: <a href=""https://www.waytekwire.com/products/1455/Automotive-Primary-Wire/"" target=""_blank"">Automotive Primary Wire</a></li><li>Automotive primary wire is a general purpose wire for      original
      equipment and replacement automotive applications<br/></li>
<li>
      Smooth jacket surface ideal for pulling through      corrugated loom or conduit
   </li>
<li>
      SAEJ1128-GPT
   </li>
<li>
      Excellent resistance to oil and flame
   </li>
<li>
      Single conductor, stranded, bare copper
   </li>
<li>
      Jacketed polyvinylchloride (PVC)
   </li>
<li>
      Available in drum/barrel quantities at discounted      prices
   </li>
<li>
      Temp rating: -40°F (-40°C)  to  185°F (85°C)
   </li>
<li>
      Larger spool sizes available. See <a href=""//www.waytekwire.com/item/WG18-7/"" target=""_self"">WG18-7</a>
</li>
</ul>",WG18-7.jpg
WG18-9 ,"<ul>
<li><b>WG18-9-100 Automotive Primary Wire, GPT Standard Wall</b><br/></li><li>Category: <a href=""https://www.waytekwire.com/products/1455/Automotive-Primary-Wire/"" target=""_blank"">Automotive Primary Wire</a></li><li>Automotive primary wire is a general purpose wire for      original
      equipment and replacement automotive applications<br/></li>
<li>
      Smooth jacket surface ideal for pulling through      corrugated loom or conduit
   </li>
<li>
      SAEJ1128-GPT
   </li>
<li>
      Excellent resistance to oil and flame
   </li>
<li>
      Single conductor, stranded, bare copper
   </li>
<li>
      Jacketed polyvinylchloride (PVC)
   </li>
<li>
      Available in drum/barrel quantities at discounted      prices
   </li>
<li>
      Temp rating: -40°F (-40°C)  to  185°F (85°C)
   </li>
<li>
      Larger spool sizes available. See <a href=""//www.waytekwire.com/item/WG18-9/"" target=""_self"">WG18-9</a>
</li>
</ul>",WG18-9 .jpg
WG18-12,"<ul>
<li><b>WG18-12-100 Automotive Primary Wire, GPT Standard Wall</b><br/></li><li>Category: <a href=""https://www.waytekwire.com/products/1455/Automotive-Primary-Wire/"" target=""_blank"">Automotive Primary Wire</a></li><li>Automotive primary wire is a general purpose wire for      original
      equipment and replacement automotive applications<br/></li>
<li>
      Smooth jacket surface ideal for pulling through      corrugated loom or conduit
   </li>
<li>
      SAEJ1128-GPT
   </li>
<li>
      Excellent resistance to oil and flame
   </li>
<li>
      Single conductor, stranded, bare copper
   </li>
<li>
      Jacketed polyvinylchloride (PVC)
   </li>
<li>
      Available in drum/barrel quantities at discounted      prices
   </li>
<li>
      Temp rating: -40°F (-40°C)  to  185°F (85°C)
   </li>
<li>
      Larger spool sizes available. See <a href=""//www.waytekwire.com/item/WG18-12/"" target=""_self"">WG18-12</a>
</li>
</ul>",WG18-12.jpg
WG20-8,"<div>
<b>Spool Sizes Available:  500', 1000', 3000', 5000'<font color=""#ff0000"">*</font></b>
</div>",WG20-8.jpg
WG20-8,"<div>
<b>Spool Sizes Available:  500', 1000', 3000', 5000'<font color=""#ff0000"">*</font></b>
</div>",WG20-8.jpg
WG20-6,"<div>
<b>Spool Sizes Available: 500', 1000', 3000', 5000'<font color=""#ff0000"">*</font></b>
</div>",WG20-6.jpg
WL16-9,"<div>
<b>Spool Sizes Available:  500', 1000', 2500'</b><b>, 5</b><b>000'</b></div>",WL16-9.jpg
WL14-9,"<div>
<b>Spool Sizes Available:  500', 1000', 2000'</b><b>, </b><b>4000'</b></div>",WL14-9.jpg
WL12-3,"<div>
<b>Spool Sizes Available: 250', 500', 1000', 1500', 3000'<font color=""#ff0000"">*</font></b>
</div>",WL12-3.jpg
WL10-0,"<div>
<b>Spool Sizes Available: 250', 500', 1000', 2000'<font color=""#ff0000"">*</font></b>
</div>",WL10-0.jpg
WL12-2,"<div>
<b>Spool Sizes Available: 250', 500', 1000', 1500', 3000'<font color=""#ff0000"">*</font></b>
</div>",WL12-2.jpg
wl12-0,"<div>
<b>Spool Sizes Available: 250', 500', 1000', 1500', 3000'<font color=""#ff0000"">*</font></b>
</div>",wl12-0.jpg
WL18-2,"<div>
<b>Spool Sizes Available:  500', 1000', 3000'</b><b>, 5</b><b>000'</b></div>",WL18-2.jpg
WL16-2,"<div>
<b>Spool Sizes Available:  500', 1000', 2500'</b><b>, 5</b><b>000'</b></div>",WL16-2.jpg
WL16-1,"<div>
<b>Spool Sizes Available:  500', 1000', 2500'</b><b>, 5</b><b>000'</b></div>",WL16-1.jpg
WL18-0,"<div>
<b>Spool Sizes Available:  500', 1000', 3000'</b><b>, 5</b><b>000'</b></div>",WL18-0.jpg
WL14-2,"<div>
<b>Spool Sizes Available:  500', 1000', 2000'</b><b>, </b><b>4000'</b></div>",WL14-2.jpg
46430,"<ul>
<li>
<b style=""line-height: 1.66667;"">EATON's Bussmann Series 121B30-00M-KA
      Shortstop Circuit Breakers</b>
</li>
<li>Category: <a href=""https://www.waytekwire.com/products/1664/Eaton-Short-Stop-Circuit-Breakers/"" target=""_blank"">Eaton Short Stop Circuit Breakers</a><br/></li><li><span style=""line-height: 1.66667;"">Manufacturer: </span><a href=""https://www.waytekwire.com/manf/15/EATON"" target=""_self"">EATON</a><br/></li>
<li>
<span style=""line-height: 1.66667;"">Series: 12X</span>
</li>
<li>
<span style=""line-height: 1.66667;"">Type: </span><a href=""//www.waytekwire.com/products/1366/Circuit-Breakers/&amp;Type=Short-Stop"" style=""line-height: 1.66667;"" target=""_self"">Shortstop</a>
</li>
<li>
<span style=""line-height: 1.66667;"">Current Rating: </span><a href=""//www.waytekwire.com/products/1366/Circuit-Breakers/&amp;Amps=30"" target=""_self"">30A</a>
</li>
<li>
<span style=""line-height: 1.66667;"">Voltage Rating: 12V</span>
</li>
<li>
<span style=""line-height: 1.66667;"">Terminals: (2) #10-32 Studs</span>
</li>
<li>
<span style=""line-height: 1.66667;"">Reset Method: </span><a href=""//www.waytekwire.com/products/1366/Circuit-Breakers/&amp;Reset-Method=Type-I---Automatic"" style=""line-height: 1.66667;"" target=""_self"">Type I - Automatic</a>
</li>
<li>
<span style=""line-height: 1.66667;"">Heavy-duty metal housing cover</span>
</li>
<li>
<span style=""line-height: 1.66667;"">No bracket included</span>
</li>
<li>
      Plastic housing also available (<span style=""line-height: 1.66667;""><a href=""//www.waytekwire.com/item/46431/Cooper-Bussmann-121B30-00P-KA-Type-1/"" target=""_self"">Cooper Bussmann 121B30-00P-KA</a>)</span>
</li>
</ul>",46430.jpg
WL16-4,"<div>
<b>Spool Sizes Available:  500', 1000', 2500'</b><b>, 5</b><b>000'</b></div>",WL16-4.jpg
WL10-6,"<div>
<b>Spool Sizes Available: 250', 500', 1000', 2000'<font color=""#ff0000"">*</font></b>
</div>",WL10-6.jpg
WL18-1,"<div>
<b>Spool Sizes Available:  500', 1000', 3000'</b><b>, 5</b><b>000'</b></div>",WL18-1.jpg
WL16-0,"<div>
<b>Spool Sizes Available:  500', 1000', 2500'</b><b>, 5</b><b>000'</b></div>",WL16-0.jpg
WL14-0,"<div>
<b>Spool Sizes Available:  500', 1000', 2000', 4000'</b></div>",WL14-0.jpg
WL18-4,"<div>
<b>Spool Sizes Available:  500', 1000', 3000'</b><b>, 5</b><b>000'</b></div>",WL18-4.jpg
WG20,"<div>
<b>Spool Sizes Available:  500', 1000', 3000', 5000'<font color=""#ff0000"">*</font></b>
</div>",WG20.jpg
23505,"<ul>
<li><b>23505 Straight-In Battery Boot</b></li><li>Category: <a href=""https://www.waytekwire.com/products/1423/Battery-Boots/"" target=""_blank"">Battery Boots</a></li><li>
      Protect battery cables from corrosion and shorting
   </li>
<li>
      Improve the appearance of your battery connections
   </li>
<li>
      More <a href=""../../../../../../../../../products/1423/Battery-Boots/&amp;Type=Alternator"">alternator
      type</a>, <a href=""../../../../../../../../../products/1423/Battery-Boots/&amp;Type=Straight-In"">straight-in</a>
      and <a href=""../../../../../../../../../products/1423/Battery-Boots/&amp;Type=Marine"">marine
      type</a> battery boot options available
   </li>
</ul>",23505.jpg
23504,"<ul>
<li><b>23504 Straight-In Battery Boot</b></li><li>Category: <a href=""https://www.waytekwire.com/products/1423/Battery-Boots/"" target=""_blank"">Battery Boots</a></li><li>
      Protect battery cables from corrosion and shorting
   </li>
<li>
      Improve the appearance of your battery connections
   </li>
<li>
      More <a href=""../../../../../../../../../products/1423/Battery-Boots/&amp;Type=Alternator"">alternator
      type</a>, <a href=""../../../../../../../../../products/1423/Battery-Boots/&amp;Type=Straight-In"">straight-in</a>
      and <a href=""../../../../../../../../../products/1423/Battery-Boots/&amp;Type=Marine"">marine
      type</a> battery boot options available
   </li>
</ul>",23504.jpg
46194,"<ul>
<li><b>EATON's Bussmann Series ANL-200 ANL Low Voltage Limiter Fuse</b></li><li>Category: <a href=""https://www.waytekwire.com/products/1646/Bolt-Down-Fuses/"" target=""_blank"">Bolt-Down Fuses</a></li><li>Manufacturer: <a href=""https://www.waytekwire.com/manf/15/EATON"" target=""_blank"">EATON</a><br/></li>
<li>
<span style=""line-height: 1.66667;"">Series: ANL</span>
</li>
<li>
<span style=""line-height: 1.66667;"">Style: </span><span style=""line-height: 1.66667;"">Bolt-Down Fuses</span>
</li>
<li>
<span style=""line-height: 1.66667;"">Current Rating: </span><a href=""//www.waytekwire.com/products/1367/Fuses/&amp;Amps=200"" target=""_self"">200A</a>
</li>
<li>
<span style=""line-height: 1.66667;"">Voltage Rating AC: </span><a href=""//www.waytekwire.com/products/1367/Fuses/&amp;Volts=32"" style=""line-height: 1.66667;"" target=""_self"">32V</a>
</li>
<li>
<span style=""line-height: 1.66667;"">Silver-plated copper links</span>
</li>
<li>
<span style=""line-height: 1.66667;"">Bolt-down design for high-vibration
      applications</span>
</li>
<li>
<span style=""line-height: 1.66667;"">For high current applications</span>
</li>
<li>
      Recommended use with <a href=""//www.waytekwire.com/item/46097/Cooper-Bussman-4164-ANN-ANL-Fuse-Holder/"" target=""_self"">Cooper Bussmann 4164 ANN/ANL Fuse Holder</a>
</li>
</ul>",46194.jpg
SJ14-2,"<ul>
<li><span style=""line-height: 1.66667;""><b>Southwire 55812101 SJOOW Service Cord</b></span></li><li><span style=""line-height: 1.66667;"">Category: </span><a href=""https://www.waytekwire.com/products/1462/Service-Cord/"" target=""_blank"">Service Cord</a></li><li>Manufacturer: <a href=""https://www.waytekwire.com/manf/133/Southwire/"" target=""_blank"">Southwire</a></li><li>
<span style=""line-height: 1.6666666666666667;"">Comes in 250' spool</span>
</li>
<li>
      Excellent resistance to abrasion, ozone, sunlight, chemicals and oils
   </li>
<li>
      Inside jacket material is chlorinated polyethylene CPE
   </li>
<li>
      Approved for submersion in water
   </li>
<li>
      Outer jacket printed with cable identification, wire gauge and number of
      conductors
   </li>
<li>
      Conductor colors: black &amp; white
   </li>
<li>
      MSHA approved
   </li>
<li>
      UL/CSA horizontal flame test
   </li>
<li>
      -40°F (-40°C) to 194°F (90°C)
   </li>
<li>
      SJOOW rated 300 volts, outside insulation material is Ethylene Propylene (EP)
   </li>
</ul>",SJ14-2.jpg
46600,"<div>The Unslotted MCASE+ Fuse is a cartridge style fuse up to 40A with female terminals for 2.8mm male terminals. The Slotted MCASE+ Fuse is available in amperage's up to 60A and can mate with larger male terminals (e.g., 6.3mm) or even mount directly onto a busbar. </div>",46600.jpg
46601,"<div>The Unslotted MCASE+ Fuse is a cartridge style fuse up to 40A with female terminals for 2.8mm male terminals. The Slotted MCASE+ Fuse is available in amperage's up to 60A and can mate with larger male terminals (e.g., 6.3mm) or even mount directly onto a busbar. </div>",46601.jpg
46602,"<div>The Unslotted MCASE+ Fuse is a cartridge style fuse up to 40A with female terminals for 2.8mm male terminals. The Slotted MCASE+ Fuse is available in amperage's up to 60A and can mate with larger male terminals (e.g., 6.3mm) or even mount directly onto a busbar. </div>",46602.jpg
46603,"<div>The Unslotted MCASE+ Fuse is a cartridge style fuse up to 40A with female terminals for 2.8mm male terminals. The Slotted MCASE+ Fuse is available in amperage's up to 60A and can mate with larger male terminals (e.g., 6.3mm) or even mount directly onto a busbar. </div>",46603.jpg
46604,"<div>The Unslotted MCASE+ Fuse is a cartridge style fuse up to 40A with female terminals for 2.8mm male terminals. The Slotted MCASE+ Fuse is available in amperage's up to 60A and can mate with larger male terminals (e.g., 6.3mm) or even mount directly onto a busbar. </div>",46604.jpg
SO14-3,"<ul>
<li><span style=""line-height: 1.66667;""><b>Southwire 55809906 SOOW Service Cord</b></span></li><li><span style=""line-height: 1.66667;"">Category: </span><a href=""https://www.waytekwire.com/products/1462/Service-Cord/"" target=""_blank"">Service Cord</a></li><li>Manufacturer: <a href=""https://www.waytekwire.com/manf/133/Southwire/"" target=""_blank"">Southwire</a></li><li>
<span style=""line-height: 1.6666666666666667;"">Comes in 250' spool</span>
</li>
<li>
      Excellent resistance to abrasion, ozone, sunlight, chemicals and oils
   </li>
<li>
      Inside jacket material is chlorinated polyethylene CPE
   </li>
<li>
      Approved for submersion in water
   </li>
<li>
      Outer jacket printed with cable identification, wire gauge and number of
      conductors
   </li>
<li>
      Conductor colors: black, white &amp; green
   </li>
<li>
      MSHA approved
   </li>
<li>
      UL/CSA horizontal flame test
   </li>
<li>
      -40°F (-40°C) to 194°F (90°C)
   </li>
<li>
      SOOW rated 600 volts, outside insulation material is Ethylene Propylene
      Diene M-Class (EPDM)
   </li>
</ul>",SO14-3.jpg
WL10-2,"<div>
<b>Spool Sizes Available: 250', 500', 1000', 2000'<font color=""#ff0000"">*</font></b>
</div>",WL10-2.jpg
WL14-7,"<div>
<b>Spool Sizes Available:  500', 1000', 2000'</b><b>, </b><b>4000'</b></div>",WL14-7.jpg
WL14-5,"<div>
<b>Spool Sizes Available:  500', 1000', 2000'</b><b>, </b><b>4000'</b></div>",WL14-5.jpg
WL14-4,"<div>
<b>Spool Sizes Available:  500', 1000', 2000'</b><b>, </b><b>4000'</b></div>",WL14-4.jpg
WL14-6,"<div>
<b>Spool Sizes Available:  500', 1000', 2000'</b><b>, </b><b>4000'</b></div>",WL14-6.jpg
WL14-1,"<div>
<b>Spool Sizes Available:  500', 1000', 2000'</b><b>, </b><b>4000'</b></div>",WL14-1.jpg
WL14-8,"<div>
<b>Spool Sizes Available:  500', 1000', 2000'</b><b>, </b><b>4000'</b></div>",WL14-8.jpg
WL16-5,"<div>
<b>Spool Sizes Available:  500', 1000', 2500'</b><b>, 5</b><b>000'</b></div>",WL16-5.jpg
WL16-6,"<div>
<b>Spool Sizes Available:  500', 1000', 2500'</b><b>, 5</b><b>000'</b></div>",WL16-6.jpg
WM22-2,"<div>
<b>Spool Sizes Available:  500', 1000', 3000', 15000'<font color=""#ff0000"">*</font></b>
</div>",WM22-2.jpg
WM22-0,"<div>
<b>Spool Sizes Available:  500', 1000', 3000', 15000'<font color=""#ff0000"">*</font></b>
</div>",WM22-0.jpg
46371,"<ul>
<li>
<b style=""line-height: 1.66667;"">EATON's Bussmann Series 123B20-A2P-KA
      Shortstop Circuit Breaker</b></li>
<li>Category: <a href=""https://www.waytekwire.com/products/1664/Eaton-Short-Stop-Circuit-Breakers/"" target=""_blank"">Eaton Short Stop Circuit Breakers</a><br/></li><li><span style=""line-height: 1.66667;"">Manufacturer: </span><a href=""https://www.waytekwire.com/manf/15/EATON"" target=""_self"">EATON</a><br/></li>
<li>
<span style=""line-height: 1.66667;"">Series: 12X</span>
</li>
<li>
<span style=""line-height: 1.66667;"">Type: </span><a href=""//www.waytekwire.com/products/1366/Circuit-Breakers/&amp;Type=Short-Stop"" style=""line-height: 1.66667;"" target=""_self"">Shortstop</a>
</li>
<li>
<span style=""line-height: 1.66667;"">Current Rating: </span><a href=""//www.waytekwire.com/products/1366/Circuit-Breakers/&amp;Amps=20"" target=""_self"">20A</a>
</li>
<li>
<span style=""line-height: 1.66667;"">Voltage Rating: 24V</span>
</li>
<li>
<span style=""line-height: 1.66667;"">Terminals: (2) #10-32 Studs</span>
</li>
<li>
<span style=""line-height: 1.66667;"">Reset Method: </span><a href=""//www.waytekwire.com/products/1366/Circuit-Breakers/&amp;Reset-Method=Type-III---Manual"" target=""_self"">Type III - Manual</a>
</li>
<li>
<span style=""line-height: 1.66667;"">Mounting Style: Right Angle Bracket</span>
</li>
<li>
<span style=""line-height: 1.66667;"">Plastic housing cover</span>
</li>
</ul>",46371.jpg
46270,"<ul>
<li><b>EATON's Bussmann Series AMG-100 High Amp Fuse</b></li><li>Category: <a href=""https://www.waytekwire.com/products/1646/Bolt-Down-Fuses/"" target=""_blank"">Bolt-Down Fuses</a></li><li>Manufacturer: <a href=""https://www.waytekwire.com/manf/15/EATON"" target=""_blank"">EATON</a><br/></li>
<li>
<span style=""line-height: 1.66667;"">Series: AMG</span>
</li>
<li>
<span style=""line-height: 1.66667;"">Style: </span><span style=""line-height: 1.66667;"">Bolt-Down Fuses</span>
</li>
<li>
<span style=""line-height: 1.66667;"">Current Rating: </span><a href=""//www.waytekwire.com/products/1367/Fuses/&amp;Amps=100"" target=""_self"">100A</a>
</li>
<li>
<span style=""line-height: 1.66667;"">Voltage Rating: </span><a href=""//www.waytekwire.com/products/1367/Fuses/&amp;Volts=32"" style=""line-height: 1.66667;"" target=""_self"">32V</a>
</li>
<li>
<span style=""line-height: 1.66667;"">Bolt-down design copper terminals</span>
</li>
<li>
<span style=""line-height: 1.66667;"">Mounting: M8 or 5/16-18 or less studs
      on 2"" centers</span>
</li>
<li>
<span style=""line-height: 1.66667;"">For high current applications</span>
</li>
<li><span style=""line-height: 1.66667;"">Use with <a href=""https://www.waytekwire.com/products?pSearch=LMG"" target=""_blank"">Eaton LMG Fuse Blocks</a> or </span><a href=""//www.waytekwire.com/item/46039/Bussmann-FMG211-Hi-Amp-AMG-Fuse-Holder-with-Cover/"" style=""line-height: 1.66667;"" target=""_self"">Eaton AMG Fuse Holder</a></li>
</ul>",46270.jpg
44511,"<ul><li><b>Littelfuse 08098780 Manual Battery Disconnect Switch</b><br/></li><li>Category: <a href=""https://www.waytekwire.com/products/1408/Battery-Disconnects/"" target=""_blank"">Battery Disconnects</a></li><li>Manufacturer: <a href=""https://www.waytekwire.com/manf/111/Littelfuse/"" target=""_blank"">Littelfuse</a></li><li>Max Operating Voltage: 24V DC</li><li>Max Continuous Current: 150A</li><li>Operating Temp: -40c to +85c</li><li>Ingress Protection: IP4X</li><li>Contacts: Copper</li><li>Terminals: M10 (zinc-plated steel nuts)</li><li>Switch that features a removable handle with a plastic body</li></ul>",44511.jpg
44075,"<ul>
<li><b>Battery Isolator Switch with Detachable Key 44075</b></li><li>Category: <a href=""https://www.waytekwire.com/products/1408/Battery-Disconnects/"" target=""_blank"">Battery Disconnects</a><br/></li><li>
      Battery isolator switch with detachable key
   </li>
<li>
      Protects operator from accidental actuation when power is shut-down for
      maintenance
   </li>
<li>
      Stop-key single circuit
   </li>
<li>
      Maximum load is 500 amps for 5 seconds at 12 volts DC
   </li>
<li>
      100 amps continuous rating
   </li>
<li>
      Spare key 44077 and splash-proof cover 44078 also available
   </li>
<li>
      -13°F (-25°C) to 185°F (85°C)
   </li>
</ul>",44075.jpg
WG18-8,"<ul>
<li><b>WG18-8-100 Automotive Primary Wire, GPT Standard Wall</b><br/></li><li>Category: <a href=""https://www.waytekwire.com/products/1455/Automotive-Primary-Wire/"" target=""_blank"">Automotive Primary Wire</a></li><li>Automotive primary wire is a general purpose wire for      original
      equipment and replacement automotive applications<br/></li>
<li>
      Smooth jacket surface ideal for pulling through      corrugated loom or conduit
   </li>
<li>
      SAEJ1128-GPT
   </li>
<li>
      Excellent resistance to oil and flame
   </li>
<li>
      Single conductor, stranded, bare copper
   </li>
<li>
      Jacketed polyvinylchloride (PVC)
   </li>
<li>
      Available in drum/barrel quantities at discounted      prices
   </li>
<li>
      Temp rating: -40°F (-40°C)  to  185°F (85°C)
   </li>
<li>
      Larger spool sizes available. See <a href=""//www.waytekwire.com/item/WG18-8/"" target=""_self"">WG18-8</a>
</li>
</ul>",WG18-8.jpg
WL18-8,"<div>
<b>Spool Sizes Available:  500', 1000', 3000'</b><b>, 5</b><b>000'</b></div>",WL18-8.jpg
WL16-8,"<div>
<b>Spool Sizes Available:  500', 1000', 2500'</b><b>, 5</b><b>000'</b></div>",WL16-8.jpg
WL12-4,"<div>
<b>Spool Sizes Available: 250', 500', 1000', 1500', 3000'<font color=""#ff0000"">*</font></b>
</div>",WL12-4.jpg
WL12-1,"<div><b>Spool Sizes Available: 250', 500', 1000', 1500', 3000'<font color=""#ff0000"">*</font></b><b><br/></b></div>",WL12-1.jpg
WL10-9,"<div>
<b>Spool Sizes Available: 250', 500', 1000', 2000'<font color=""#ff0000"">*</font></b>
</div>",WL10-9.jpg
WL10-1,"<div>
<b>Spool Sizes Available: 250', 500', 1000', 2000'<font color=""#ff0000"">*</font></b>
</div>",WL10-1.jpg
75747,"<ul><li><b>Song Chuan ISO 280 Mini Relay with Resistor &amp; Steel Bracket, 898H-1CH-D1SW-R1-U05-12V</b></li><li>Category: <a href=""https://www.waytekwire.com/products/1402/Mechanical-Relays-Connectors/"" target=""_blank"">Mechanical Relays &amp; Connectors</a><br/></li><li>Manufacturer: <a href=""https://www.waytekwire.com/manf/150/Song-Chuan/"" target=""_blank"">Song Chuan</a></li><li>Circuitry: <a href=""https://www.waytekwire.com/products/1402/Mechanical-Relays-Connectors/&amp;Circuitry=SPDT-Circuitry"" target=""_blank"">SPDT</a></li><li>NO Amp: <a href=""https://www.waytekwire.com/products/1402/Mechanical-Relays-Connectors/&amp;NO-Amp=NO-50A-"" target=""_blank"">50A</a></li><li>NC Amp: <a href=""https://www.waytekwire.com/products/1402/Mechanical-Relays-Connectors/&amp;NC-Amp=NC-30A"" target=""_blank"">30A</a></li><li>Volt Rating: <a href=""https://www.waytekwire.com/products/1402/Mechanical-Relays-Connectors/&amp;Nominal-Voltage=12V"" target=""_blank"">12V</a></li><li>Terminals: <a href=""https://www.waytekwire.com/products/1402/Mechanical-Relays-Connectors/&amp;Terminals-Required=Five-2-8mm-Terminals-Required"" target=""_blank"">Five 2.8mm Terminals</a></li><li>Steel Bracket</li><li>Resistor included</li><li>Space saving relay with high current capacity</li><li>Designed to perform in temperatures as low as -40°F (-40°C) and as high as 275°F (125°C)</li><li>Ideal for use in variety of automotive applications including starter motors, hazard warning lights, ignition and battery disconnect relays</li></ul>",75747.jpg
75772,"<ul><li><b>Song Chuan High Power Skirted Mini Relay 896H-1CH-D1SW-12VDC</b></li><li>Category: <a href=""https://www.waytekwire.com/products/1402/Mechanical-Relays-Connectors/"" target=""_blank"">Mechanical Relays &amp; Connectors</a><br/></li><li>Manufacturer: <a href=""https://www.waytekwire.com/manf/150/Song-Chuan/"" target=""_blank"">Song Chuan</a></li><li>Component Type: Mini Relay</li><li>Circuitry: SPDT</li><li>NO Amp: 50A</li><li>NC Amp: 30A</li><li>Volt Rating: 12V</li><li>Terminals: Five 1/4"" terminals</li><li>Skirted Mini Relay</li><li>Space saving relay with high current capacity<br/></li><li>Designed to perform in temperatures as low as -40°F (-40°C) and as high as 275°F (125°C)</li><li>Ideal for use in a variety of automotive applications including starter motors, hazard-warning lights, ignition and battery-disconnect relays, etc.</li></ul>",75772.jpg
WZ00-2,"<div>
<b>Spool Sizes Available: </b><b style=""line-height:
   1.6666666666666667;"">100', 250'</b><b style=""line-height:
   1.6666666666666667;""><font color=""#ff0000"">*</font></b><b style=""line-height:
   1.6666666666666667;"">, 500'<font color=""#ff0000"">*</font></b>
</div>",WZ00-2.jpg
46410,"<ul>
<li>
<b style=""line-height: 1.66667;"">EATON's Bussmann Series 121B10-00M-KA
      Shortstop Circuit Breaker</b></li>
<li>Category: <a href=""https://www.waytekwire.com/products/1664/Eaton-Short-Stop-Circuit-Breakers/"" target=""_blank"">Eaton Short Stop Circuit Breakers</a><br/></li><li><span style=""line-height: 1.66667;"">Manufacturer: </span><a href=""https://www.waytekwire.com/manf/15/EATON"" target=""_self"">EATON</a><br/></li>
<li>
<span style=""line-height: 1.66667;"">Series: 12X</span>
</li>
<li>
<span style=""line-height: 1.66667;"">Type: </span><a href=""//www.waytekwire.com/products/1366/Circuit-Breakers/&amp;Type=Short-Stop"" style=""line-height: 1.66667;"" target=""_self"">Shortstop</a>
</li>
<li>
<span style=""line-height: 1.66667;"">Current Rating: </span><a href=""//www.waytekwire.com/products/1366/Circuit-Breakers/&amp;Amps=10"" style=""line-height: 1.66667;"" target=""_self"">10A</a>
</li>
<li>
<span style=""line-height: 1.66667;"">Voltage Rating: 12V</span>
</li>
<li>
<span style=""line-height: 1.66667;"">Terminals: (2) #10-32 Studs</span>
</li>
<li>
<span style=""line-height: 1.66667;"">Reset Method: </span><a href=""//www.waytekwire.com/products/1366/Circuit-Breakers/&amp;Reset-Method=Type-I---Automatic"" style=""line-height: 1.66667;"" target=""_self"">Type I - Automatic</a>
</li>
<li>
<span style=""line-height: 1.66667;"">Metal housing cover</span>
</li>
<li>
<span style=""line-height: 1.66667;"">No bracket included</span>
</li>
</ul>",46410.jpg
46415,"<ul>
<li>
<b style=""line-height: 1.66667;"">EATON's Bussmann Series 121B15-00M-KA Shortstop Circuit Breaker</b></li>
<li>Category: <a href=""https://www.waytekwire.com/products/1664/Eaton-Short-Stop-Circuit-Breakers/"" target=""_blank"">Eaton Short Stop Circuit Breakers</a><br/></li><li><span style=""line-height: 1.66667;"">Manufacturer: </span><a href=""https://www.waytekwire.com/manf/15/EATON"" target=""_blank"">EATON</a><br/></li>
<li>
<span style=""line-height: 1.66667;"">Series: 12X</span>
</li>
<li>
<span style=""line-height: 1.66667;"">Type: </span><a href=""//www.waytekwire.com/products/1366/Circuit-Breakers/&amp;Type=Short-Stop"" style=""line-height: 1.66667;"" target=""_self"">Shortstop</a>
</li>
<li>
<span style=""line-height: 1.66667;"">Current Rating: </span><a href=""//www.waytekwire.com/products/1366/Circuit-Breakers/&amp;Amps=15"" target=""_self"">15A</a>
</li>
<li>
<span style=""line-height: 1.66667;"">Voltage Rating: 12V</span>
</li>
<li>
<span style=""line-height: 1.66667;"">Terminals: (2) #10-32 Studs</span>
</li>
<li>
<span style=""line-height: 1.66667;"">Reset Method: </span><a href=""//www.waytekwire.com/products/1366/Circuit-Breakers/&amp;Reset-Method=Type-I---Automatic"" style=""line-height: 1.66667;"" target=""_self"">Type I - Automatic</a>
</li>
<li>
<span style=""line-height: 1.66667;"">Heavy-duty metal housing cover</span>
</li>
<li>
<span style=""line-height: 1.66667;"">No bracket included</span>
</li>
<li>
      Plastic housing also available (<a href=""//www.waytekwire.com/item/46416/Cooper-Bussmann-121B15-00P-KA-Type-1/"" style=""line-height: 1.66667;"" target=""_self"">Cooper Bussmann
      121B15-00P-KA</a><span style=""line-height: 1.66667;"">)</span>
</li>
</ul>",46415.jpg
46430,"<ul>
<li>
<b style=""line-height: 1.66667;"">EATON's Bussmann Series 121B30-00M-KA
      Shortstop Circuit Breakers</b>
</li>
<li>Category: <a href=""https://www.waytekwire.com/products/1664/Eaton-Short-Stop-Circuit-Breakers/"" target=""_blank"">Eaton Short Stop Circuit Breakers</a><br/></li><li><span style=""line-height: 1.66667;"">Manufacturer: </span><a href=""https://www.waytekwire.com/manf/15/EATON"" target=""_self"">EATON</a><br/></li>
<li>
<span style=""line-height: 1.66667;"">Series: 12X</span>
</li>
<li>
<span style=""line-height: 1.66667;"">Type: </span><a href=""//www.waytekwire.com/products/1366/Circuit-Breakers/&amp;Type=Short-Stop"" style=""line-height: 1.66667;"" target=""_self"">Shortstop</a>
</li>
<li>
<span style=""line-height: 1.66667;"">Current Rating: </span><a href=""//www.waytekwire.com/products/1366/Circuit-Breakers/&amp;Amps=30"" target=""_self"">30A</a>
</li>
<li>
<span style=""line-height: 1.66667;"">Voltage Rating: 12V</span>
</li>
<li>
<span style=""line-height: 1.66667;"">Terminals: (2) #10-32 Studs</span>
</li>
<li>
<span style=""line-height: 1.66667;"">Reset Method: </span><a href=""//www.waytekwire.com/products/1366/Circuit-Breakers/&amp;Reset-Method=Type-I---Automatic"" style=""line-height: 1.66667;"" target=""_self"">Type I - Automatic</a>
</li>
<li>
<span style=""line-height: 1.66667;"">Heavy-duty metal housing cover</span>
</li>
<li>
<span style=""line-height: 1.66667;"">No bracket included</span>
</li>
<li>
      Plastic housing also available (<span style=""line-height: 1.66667;""><a href=""//www.waytekwire.com/item/46431/Cooper-Bussmann-121B30-00P-KA-Type-1/"" target=""_self"">Cooper Bussmann 121B30-00P-KA</a>)</span>
</li>
</ul>",46430.jpg
46420,"<ul>
<li>
<b style=""line-height: 1.66667;"">EATON's Bussmann Series 121B20-00M-KA
      Shortstop Circuit Breakers</b>
</li>
<li>Category: <a href=""https://www.waytekwire.com/products/1664/Eaton-Short-Stop-Circuit-Breakers/"" target=""_blank"">Eaton Short Stop Circuit Breakers</a><br/></li><li><span style=""line-height: 1.66667;"">Manufacturer: </span><a href=""https://www.waytekwire.com/manf/15/EATON"" target=""_self"">EATON</a><br/></li>
<li>
<span style=""line-height: 1.66667;"">Series: 12X</span>
</li>
<li>
<span style=""line-height: 1.66667;"">Type: </span><a href=""//www.waytekwire.com/products/1366/Circuit-Breakers/&amp;Type=Short-Stop"" style=""line-height: 1.66667;"" target=""_self"">Shortstop</a>
</li>
<li>
<span style=""line-height: 1.66667;"">Current Rating: </span><a href=""//www.waytekwire.com/products/1366/Circuit-Breakers/&amp;Amps=20"" target=""_self"">20A</a>
</li>
<li>
<span style=""line-height: 1.66667;"">Voltage Rating: 12V</span>
</li>
<li>
<span style=""line-height: 1.66667;"">Terminals: (2) #10-32 Studs</span>
</li>
<li>
<span style=""line-height: 1.66667;"">Reset Method: </span><a href=""//www.waytekwire.com/products/1366/Circuit-Breakers/&amp;Reset-Method=Type-I---Automatic"" style=""line-height: 1.66667;"" target=""_self"">Type I - Automatic</a>
</li>
<li>
<span style=""line-height: 1.66667;"">Heavy-duty metal housing cover</span>
</li>
<li>
<span style=""line-height: 1.66667;"">No bracket included</span>
</li>
<li>
      Plastic housing also available (<span style=""line-height: 1.66667;""><a href=""//www.waytekwire.com/item/46421/Cooper-Bussmann-121B20-00P-KA-Type-1/"" target=""_self"">Cooper Bussmann 121B20-00P-KA</a>)</span>
</li>
</ul>",46420.jpg
75414,"<ul>
<li><b>TE Connectivity V23234-A0001-X042 Mini Relay</b><br/></li><li>Category: <a href=""//www.waytekwire.com/products/1402/Mechanical-Relays-Connectors/"" target=""_self"">Mechanical Relays &amp; Connectors</a></li><li>Manufacturer: <a href=""https://www.waytekwire.com/manf/165/TE-Connectivity---Tyco/"" target=""_blank"">TE Connectivity</a></li><li>High current mini relay<br/></li>
<li>
      SPDT
   </li>
<li>
      Resistor
   </li>
<li>
      5 terminals
   </li>
<li>
      40 amps normally open
   </li>
<li>
      20 amps normally closed
   </li>
<li>
      12 volts</li><li>Former Bosch Part No.: 332209159<b> </b></li>
</ul>",75414.jpg
75415,"<ul>
<li><b>TE Connectivity V23234-A1001-X043 Mini Relay</b><br/></li><li>Category: <a href=""//www.waytekwire.com/products/1402/Mechanical-Relays-Connectors/"" target=""_self"">Mechanical Relays &amp; Connectors</a></li><li>Manufacturer: <a href=""https://www.waytekwire.com/manf/165/TE-Connectivity---Tyco/"" target=""_blank"">TE Connectivity</a> </li><li>
      High current mini relay
   </li>
<li>
      SPDT
   </li>
<li>
      Resistor
   </li>
<li>
      Bracket
   </li>
<li>
      5 terminals
   </li>
<li>
      40 amps normally open
   </li>
<li>
      20 amps normally closed
   </li>
<li>
      12 volts</li><li>Former Bosch Part No.: 332209161 <br/></li>
</ul>",75415.jpg
75413,"<ul>
<li><b>TE Connectivity <b>V23234-A0001-X037</b> </b><b>High Current Mini Relay</b></li><li>Category: <a href=""//www.waytekwire.com/products/1402/Mechanical-Relays-Connectors/"" target=""_self"">Mechanical Relays &amp; Connectors</a><br/></li>
<li>Manufacturer: <a href=""https://www.waytekwire.com/manf/165/TE-Connectivity---Tyco/"" target=""_blank"">TE Connectivity</a></li><li>5 Quick Connect Terminals<br/></li>
<li>
      Contact Action: <a href=""//www.waytekwire.com/products/1402/Mechanical-Relays-Connectors/&amp;Contact-Action=SPDT"" target=""_self"">SPDT</a>
</li>
<li>
      Volts: <a href=""//www.waytekwire.com/products/1402/Mechanical-Relays-Connectors/&amp;Volt-Rating=12V"" target=""_self"">12V</a>
</li>
<li>
      NO Amps: <a href=""//www.waytekwire.com/products/1402/Mechanical-Relays-Connectors/&amp;NO-Amp=40A"" target=""_self"">40A</a>
</li>
<li>
      NC Amps: <a href=""//www.waytekwire.com/products/1402/Mechanical-Relays-Connectors/&amp;NC-Amp=20A"" target=""_self"">20A</a></li><li>Former Bosch Part No.: 332209151<br/></li>
</ul>",75413.jpg
75411,"<ul>
<li><b>TE Connectivity V23234-A1001-X036 High Current Mini Relay</b></li><li>Category: <a href=""//www.waytekwire.com/products/1402/Mechanical-Relays-Connectors/"" target=""_self"">Mechanical Relays &amp; Connectors</a><br/></li>
<li>
      Manufacturer: <a href=""https://www.waytekwire.com/manf/165/TE-Connectivity---Tyco/"" target=""_blank"">TE Connectivity</a></li>
<li>
      5 Quick Connect Terminals
   </li>
<li>
      Bracket
   </li>
<li>
      Contact Action: <a href=""//www.waytekwire.com/products/1402/Mechanical-Relays-Connectors/&amp;Contact-Action=SPDT"" target=""_self"">SPDT</a>
</li>
<li>
      Volts: <a href=""//www.waytekwire.com/products/1402/Mechanical-Relays-Connectors/&amp;Volt-Rating=12V"" target=""_self"">12V</a>
</li>
<li><span style=""line-height: 1.66667;"">Former Bosch Part No.: 0332209150</span></li>
</ul>",75411.jpg
75301,"<ul>
<li><b>TE Connectivity V23234-B0001-X001 High Current Mini Relay<br/></b></li><li>Category: <a href=""https://www.waytekwire.com/products/1402/Mechanical-Relays-Connectors/"" target=""_blank"">Mechanical Relays &amp; Connectors</a></li><li>Manufacturer: <a href=""https://www.waytekwire.com/manf/165/TE-Connectivity---Tyco/"" target=""_blank"">TE Connectivity</a></li><li>High current mini relay<br/></li>
<li>
      SPST
   </li>
<li>
      Resistor
   </li>
<li>
      4 terminals
   </li>
<li>
      50 amps normally open
   </li>
<li>
      12 volts</li><li>Former Bosch Part No.: 332019103 <br/></li>
</ul>",75301.jpg
75302,"<ul>
<li><b>TE Connectivity V23234-B1001-X004 High Current Mini Relay</b></li><li>Category: <a href=""https://www.waytekwire.com/products/1402/Mechanical-Relays-Connectors/"" target=""_blank"">Mechanical Relays &amp; Connectors</a><br/></li><li>Manufacturer: <a href=""https://www.waytekwire.com/manf/165/TE-Connectivity---Tyco/"" target=""_blank"">TE Connectivity</a></li><li>50-amp normally open high capacity automotive mini relay with supression
      resistor<br/></li>
<li>
      Single Pole Single Throw (SPST)
   </li>
<li>
      4 quick connect terminals
   </li>
<li>
      12 volts</li><li>Former Bosch Part No.: 332019110 <br/></li>
</ul>",75302.jpg
75610,"<ul>
<li><b>Mini Relay Connector 75610</b></li><li>Category: <a href=""https://www.waytekwire.com/products/1402/Mechanical-Relays-Connectors/"" target=""_blank"">Mechanical Relays &amp; Connectors</a><br/></li><li>Connects to 5 pin, weatherproof 3-12 ga and 2-18 ga, GXL
      12"" leads<br/></li>
<li>
      Terminals included
   </li>
<li>
      185°F (85°C) - 40°F (-40°C)
   </li>
<li>
      Use crimp tool stock no. <a href=""//www.waytekwire.com/item/419/TOOL-U-BARREL-CRIMP-TOOL/"" target=""_self"">419</a>
</li>
<li>
      Heat Stabilized thermoplastic connectors for relays
   </li>
<li>
      Terminals (when supplied with connector) are brass, bright tin plated
   </li>
<li>
      Connectors for panel mounting can be stacked together
   </li>
</ul>",75610.jpg
75650,"<div>
<ul>
<li>
<b style=""line-height: 1.66667;"">Picker Components PC795-1A-C2-12C-N-X
         Maxi Relay</b>
</li>
<li>
<span style=""line-height: 1.66667;"">Category: </span><a href=""//www.waytekwire.com/products/1402/Mechanical-Relays-Connectors/"" style=""line-height: 1.66667;"" target=""_self"">Mechanical Relays &amp; Connectors</a>
</li>
<li>
<span style=""line-height: 1.66667;"">Manufacturer: </span><a href=""//www.waytekwire.com/manf/141/PICKER-COMPONENTS/"" style=""line-height: 1.66667;"" target=""_self"">Picker Components</a>
</li>
<li>
<span style=""line-height: 1.66667;"">Type: Maxi Relay</span></li>
<li>
<span style=""line-height: 1.66667;"">Contact Action: </span><span style=""line-height: 1.66667;""><a href=""//www.waytekwire.com/products/1402/Mechanical-Relays-Connectors/&amp;Contact-Action=SPST"" target=""_self"">SPST</a> (1A)</span>
</li>
<li>
<span style=""line-height: 1.66667;"">Voltage Rating: </span><a href=""//www.waytekwire.com/products/1402/Mechanical-Relays-Connectors/&amp;Volt-Rating=12V"" style=""line-height: 1.66667;"" target=""_self"">12V</a>
</li>
<li>
<span style=""line-height: 1.66667;"">NO Current Rating: </span><a href=""//www.waytekwire.com/products/1402/Mechanical-Relays-Connectors/&amp;NO-Amp=80A"" target=""_self"">80A</a>
</li>
<li>
<span style=""line-height: 1.66667;"">NC Current Rating: </span><a href=""//www.waytekwire.com/products/1402/Mechanical-Relays-Connectors/&amp;NC-Amp=60A"" target=""_self"">60A</a>
</li>
<li>
<span style=""line-height: 1.66667;"">Terminal Type: (2) 3/8"", (2) 1/4""</span>
</li>
<li>
<span style=""line-height: 1.66667;"">Nickel plated terminals</span>
</li>
<li>
<span style=""line-height: 1.66667;"">Metal mounting bracket</span>
</li>
<li>
<span style=""line-height: 1.66667;"">Dust cover included</span>
</li>
<li>
<span style=""line-height: 1.66667;"">Contact switching capacity up to 240A</span>
</li>
<li>
<span style=""line-height: 1.66667;"">Lead free and RoHS compliant</span>
</li><li><span style=""line-height: 1.66667;"">Ignition Protected | SAE J1171 | UL 1500 | ISO 8846 <br/></span></li>
</ul>
</div>",75650.jpg
WL20-0,"<div>
<b> Spool Sizes Available:  500', 1000', 3000'</b><b>, 5</b><b>000'</b></div>",WL20-0.jpg
75860,"<ul><li><b>Picker PC792E-1C-C-12S-RN-X Mini ISO Relay</b><br/></li><li>Category: <a href=""https://www.waytekwire.com/products/1402/Mechanical-Relays-Connectors/"" target=""_blank"">Mechanical Relays &amp; Connectors</a></li><li>Manufacturer: <a href=""https://www.waytekwire.com/manf/141/Picker-Components/"" target=""_blank""><font color=""#0000ff"">Picker Components</font></a></li><li>Type: Mini Relay</li><li>Contact Action: SPDT (1C)</li><li>Voltage Rating: 12V</li><li>NO Current Rating: 50A</li><li>NC Current Rating: 40A</li><li>Terminal Type: (5) 1/4"" Blades</li><li>Nickel plated terminals</li><li>Sealed case enclosure</li><li>Internal resistor included</li><li>Contact switching capacity up to 150A</li><li>Lead free and RoHS compliant</li><li>Ignition Protected | SAE J1171 | UL 1500 | ISO 8846</li></ul>",75860.jpg
WG12-9,"<ul>
<li><b>WG12-9-100 Automotive Primary Wire, GPT Standard Wall</b><br/></li><li>Category: <a href=""https://www.waytekwire.com/products/1455/Automotive-Primary-Wire/"" target=""_blank"">Automotive Primary Wire</a></li><li>Automotive primary wire is a general purpose wire for      original
      equipment and replacement automotive applications<br/></li>
<li>
      Smooth jacket surface ideal for pulling through      corrugated loom or conduit
   </li>
<li>
      SAEJ1128-GPT
   </li>
<li>
      Excellent resistance to oil and flame
   </li>
<li>
      Single conductor, stranded, bare copper
   </li>
<li>
      Jacketed polyvinylchloride (PVC)
   </li>
<li>
      Available in drum/barrel quantities at discounted      prices
   </li>
<li>
      Temp rating: -40°F (-40°C)  to  185°F (85°C)
   </li>
<li>
      Larger spool sizes available. See <a href=""//www.waytekwire.com/item/WG12-9/"" target=""_self"">WG12-9</a>
</li>
</ul>",WG12-9.jpg
WG20-8,"<div>
<b>Spool Sizes Available:  500', 1000', 3000', 5000'<font color=""#ff0000"">*</font></b>
</div>",WG20-8.jpg
46511,"<ul>
<li>
<b style=""line-height: 1.66667;"">EATON's Bussmann Series <b style=""line-height: 1.66667;"">121B10-B2P-KA</b> Shortstop Circuit Breakers</b>
</li>
<li>Category: <a href=""https://www.waytekwire.com/products/1664/Eaton-Short-Stop-Circuit-Breakers/"" target=""_blank"">Eaton Short Stop Circuit Breakers</a><br/></li><li><span style=""line-height: 1.66667;"">Manufacturer: </span><a href=""https://www.waytekwire.com/manf/15/EATON"" target=""_self"">EATON</a><br/></li>
<li>
<span style=""line-height: 1.66667;"">Series: 12X</span>
</li>
<li>
<span style=""line-height: 1.66667;"">Type: </span><a href=""//www.waytekwire.com/products/1366/Circuit-Breakers/&amp;Type=Short-Stop"" style=""line-height: 1.66667;"" target=""_self"">Shortstop</a>
</li>
<li>
<span style=""line-height: 1.66667;"">Current Rating: </span><a href=""//www.waytekwire.com/products/1366/Circuit-Breakers/&amp;Amps=10"" style=""line-height: 1.66667;"" target=""_self"">10A</a>
</li>
<li>
<span style=""line-height: 1.66667;"">Voltage Rating: 12V</span>
</li>
<li>
<span style=""line-height: 1.66667;"">Terminals: (2) #10-32 Studs</span>
</li>
<li>
<span style=""line-height: 1.66667;"">Reset Method: </span><a href=""//www.waytekwire.com/products/1366/Circuit-Breakers/&amp;Reset-Method=Type-I---Automatic"" style=""line-height: 1.66667;"" target=""_self"">Type I - Automatic</a>
</li>
<li>
<span style=""line-height: 1.66667;"">Mounting Style: </span>In-Line Bracket
   </li>
<li>
<span style=""line-height: 1.66667;"">Plastic housing cover</span>
</li>
<li>
<span style=""line-height: 1.66667;"">Metal housing also available
      (</span><span style=""line-height: 1.66667;""><a href=""//www.waytekwire.com/item/46511/Cooper-Bussmann-121B10-B2P-KA-Type-1/"" target=""_self"">Cooper Bussmann 121B10-B2P-KA Shortstop Circuit
      Breaker</a>)</span>
</li>
</ul>",46511.jpg
WL16-7,"<div>
<b>Spool Sizes Available:  500', 1000', 2500'</b><b>, 5</b><b>000'</b></div>",WL16-7.jpg
47708,"<ul>
<li><b>2 Pin Connector Pigtail Clearance Light 47708</b></li><li>Category: <a href=""https://www.waytekwire.com/products/1384/Clearance-Marker-Lights/"" target=""_blank"">Clearance/Marker Lights</a><br/></li><li>
      Pigtail connector for use with the following LED Clearance/Marker lights:
   </li>
<ul><li>
      2.5"" Sealed Round <a href=""//www.waytekwire.com/item/47766/2-5-ROUND-RED-LED-CLEARANCE/"" target=""_self"">red</a> and <a href=""//www.waytekwire.com/item/47765/2-5-ROUND-AMBER-LED-CLEARANCE/"" target=""_self"">amber</a> lenses
   </li><li>
      2"" Sealed round <a href=""//www.waytekwire.com/item/47762/2-ROUND-RED-LED-CLEARANCE/"" target=""_self"">red</a> and <a href=""//www.waytekwire.com/item/47763/2-ROUND-AMBER-LED-CLEARANCE/"" target=""_self"">amber</a> lenses
   </li><li>
      Double bullseye <a href=""//www.waytekwire.com/item/47770/4-X-2-LED-RED-DOUBLE/"" target=""_self"">red</a> and <a href=""//www.waytekwire.com/item/47769/4-X-2-LED-AMBER-DOUBLE/"" target=""_self"">amber</a> lenses
   </li><li>
      4"" rectangle <a href=""//www.waytekwire.com/item/47985/LED-CLEARANCE-LIGHT-RED/"" target=""_self"">red</a> and <a href=""//www.waytekwire.com/item/47986/LED-CLEARANCE-LIGHT-AMBER/"" target=""_self"">amber</a> lenses
   </li></ul>
</ul>",47708.jpg
47908,<ul></ul>,47908.jpg
47927,"<ul><li><b style=""line-height: 1.66667;"">Grote 66981 Clearance/Marker Light Pigtails</b></li><li><span style=""line-height: 1.66667;"">Category: </span><a href=""https://www.waytekwire.com/products/1391/Pigtails/"" style=""line-height: 1.66667;"" target=""_self"">Pigtails</a></li><li><span style=""line-height: 1.66667;"">Manufacturer: </span><a href=""//www.waytekwire.com/manf/55/GROTE/"" style=""line-height: 1.66667;"" target=""_self"">Grote</a></li><li><span style=""line-height: 1.66667;"">Series: US 19</span></li><li><span style=""line-height: 1.66667;"">Use with:</span></li><ul><li><a href=""https://www.waytekwire.com/item/47925/Grote-47092-3-Rectangular-LED-Clearance-Light/"" style=""line-height: 1.66667;"" target=""_self"">Grote 47092-3 Red Rectangular Marker LED Light</a></li><li><a href=""https://www.waytekwire.com/item/47926/Grote-47093-3-Clearance-Marker-LED-Light-/"" style=""line-height: 1.66667;"" target=""_self"">Grote 47093-3 Amber Rectangular Marker LED Light</a></li></ul>
</ul>",47927.jpg
47998,"<ul>
<li><b>Connector Pigtail 47998<br/></b></li><li>Category: <a href=""https://www.waytekwire.com/products/1391/Pigtails/"" target=""_blank"">Pigtails</a></li><li>
      3 contact plug tin plated brass 90 degree pigtail connector
   </li>
<li>
      18 gauge GPT leads, 9"" wires
   </li>
</ul>",47998.jpg
WL14-3,"<div>
<b>Spool Sizes Available:  500', 1000', 2000'</b><b>, </b><b>4000'</b></div>",WL14-3.jpg
WZ6-2,"<div>
<b>Spool Sizes Available: </b><b style=""line-height:
   1.6666666666666667;"">100', 250', 500'<font color=""#ff0000"">*</font></b>
</div>",WZ6-2.jpg
WZ6-0,"<div>
<b>Spool Sizes Available: </b><b style=""line-height: 1.6666;"">100', 250', 500'<font color=""#ff0000"">*</font></b>
</div>",WZ6-0.jpg
36230,"<ul><li><b>Solder Pellet 36230<br/></b></li><li>Category: <a href=""https://www.waytekwire.com/item/36230/4-GA-Gray-Solder-Pellet/"" target=""_blank"">Solder</a></li><li>Battery terminal solder pellets are a fast method for attaching a battery lug to
a cable
</li><li>
   Cost efficient method eliminates the need for crimping
</li><li>
   Color coded to industry standard
</li><li>
   Sold in pack of 25
</li></ul>",36230.jpg
36233,"<ul><li><b>Solder Pellet 36233<br/></b></li><li>Category: <a href=""https://www.waytekwire.com/item/36230/4-GA-Gray-Solder-Pellet/"" target=""_blank"">Solder</a></li><li>Battery terminal solder pellets are a fast method for attaching a battery lug to
a cable
</li><li>
   Cost efficient method eliminates the need for crimping
</li><li>
   Color coded to industry standard
</li><li>
   Sold in pack of 25
</li></ul>",36233.jpg
36234,"<ul><li><b>Solder Pellet 36234<br/></b></li><li>Category: <a href=""https://www.waytekwire.com/item/36230/4-GA-Gray-Solder-Pellet/"" target=""_blank"">Solder</a></li><li>Battery terminal solder pellets are a fast method for attaching a battery lug to
a cable
</li><li>
   Cost efficient method eliminates the need for crimping
</li><li>
   Color coded to industry standard
</li><li>
   Sold in pack of 25
</li></ul>",36234.jpg
WM22-2,"<div>
<b>Spool Sizes Available:  500', 1000', 3000', 15000'<font color=""#ff0000"">*</font></b>
</div>",WM22-2.jpg
WM22-5,"<div>
<b>Spool Sizes Available:  500', 1000', 3000', 15000'<font color=""#ff0000"">*</font></b>
</div>",WM22-5.jpg
WM22-1,"<b style=""line-height: 1.6666666666666667;"">Spool Sizes Available:  500',
1000', 3000', 15000'<font color=""#ff0000"">*</font></b>",WM22-1.jpg
WZ00-0,"<div>
<b>Spool Sizes Available: </b><b style=""line-height: 1.6666;"">100', 250'</b><b style=""line-height: 1.6666;""><font color=""#ff0000"">*</font></b><b style=""line-height: 1.6666;"">, 500'<font color=""#ff0000"">*</font></b>
</div>",WZ00-0.jpg
LCP-250-500,"<ul>
<li><b>Corrugated Loom LCP-250-500</b></li><li>Category: <a href=""https://www.waytekwire.com/products/1469/Corrugated-Loom/"" target=""_blank"">Corrugated Loom</a></li><li>
      Convoluted surface protects against abrasion and pinching
   </li>
<li>
      Split loom easily slides over assembly and closes for a permanent installation
   </li>
<li>
      Used to protect wire, cable, tubing and hoses
   </li>
<li>
      Polyethylene
   </li>
<li>
      Black
   </li>
<li>
      Split
   </li>
<li>
      200°F (93°C)
   </li>
<li>
      500' box, ships separately
   </li>
<li>
      Boxes over 3 cubic feet are subject to dimensional weight chargers for
      ground shipments
   </li>
<li>
      For boxes that ship air freight, the dimensional weight will be used to
      determine the actual shipping charges
   </li>
</ul>",LCP-250-500.jpg
LCP-413-500,"<ul>
<li><b>Corrugated Loom LCP-413-500</b></li><li>Category: <a href=""https://www.waytekwire.com/products/1469/Corrugated-Loom/"" target=""_blank"">Corrugated Loom</a></li><li>
      Convoluted surface protects against abrasion and pinching
   </li>
<li>
      Split loom easily slides over assembly and closes for a permanent installation
   </li>
<li>
      Used to protect wire, cable, tubing and hoses
   </li>
<li>
      Polyethylene
   </li>
<li>
      Black
   </li>
<li>
      Split
   </li>
<li>
      200°F (93°C)
   </li>
<li>
      500' box, ships separately
   </li>
<li>
      Boxes over 3 cubic feet are subject to dimensional weight chargers for
      ground shipments
   </li>
<li>
      For boxes that ship air freight, the dimensional weight will be used to
      determine the actual shipping charges
   </li>
</ul>",LCP-413-500.jpg
LCP-625-250,"<ul>
<li><b>Corrugated Loom LCP-625-250</b></li><li>Category: <a href=""https://www.waytekwire.com/products/1469/Corrugated-Loom/"" target=""_blank"">Corrugated Loom</a></li><li>
      Convoluted surface protects against abrasion and pinching
   </li>
<li>
      Split loom easily slides over assembly and closes for a permanent installation
   </li>
<li>
      Used to protect wire, cable, tubing and hoses
   </li>
<li>
      Black
   </li>
<li>
      Polyethylene
   </li>
<li>
      Split
   </li>
<li>
      200°F (93°C)
   </li>
<li>
      250' box, ships separately
   </li>
<li>
      Boxes over 3 cubic feet are subject to dimensional weight chargers for
      ground shipments
   </li>
<li>
      For boxes that ship air freight, the dimensional weight will be used to
      determine the actual shipping charges
   </li>
</ul>",LCP-625-250.jpg
LCP-750-550,"<ul>
<li><b>Corrugated Loom LCP-750-550</b></li><li>Category: <a href=""https://www.waytekwire.com/products/1469/Corrugated-Loom/"" target=""_blank"">Corrugated Loom</a></li><li>
      Convoluted surface protects against abrasion and pinching
   </li>
<li>
      Split loom easily slides over assembly and closes for a permanent installation
   </li>
<li>
      Used to protect wire, cable, tubing and hoses
   </li>
<li>
      Black
   </li>
<li>
      Polyethylene
   </li>
<li>
      Split
   </li>
<li>
      200°F (93°C)
   </li>
<li>
      550' box, ships separately
   </li>
<li>
      Boxes over 3 cubic feet are subject to dimensional weight chargers for
      ground shipments
   </li>
<li>
      For boxes that ship air freight, the dimensional weight will be used to
      determine the actual shipping charges
   </li>
</ul>",LCP-750-550.jpg
LCP-1000-300,"<ul>
<li><b>Corrugated Loom LCP-1000-300</b></li><li>Category: <a href=""https://www.waytekwire.com/products/1469/Corrugated-Loom/"" target=""_blank"">Corrugated Loom</a></li><li>
      Convoluted surface protects against abrasion and pinching
   </li>
<li>
      Split loom easily slides over assembly and closes for a permanent installation
   </li>
<li>
      Used to protect wire, cable, tubing and hoses
   </li>
<li>
      Black
   </li>
<li>
      Polyethylene
   </li>
<li>
      Split
   </li>
<li>
      200°F (93°C)
   </li>
<li>
      300' box, ships separately
   </li>
<li>
      Boxes over 3 cubic feet are subject to dimensional weight chargers for
      ground shipments
   </li>
<li>
      For boxes that ship air freight, the dimensional weight will be used to
      determine the actual shipping charges
   </li>
</ul>",LCP-1000-300.jpg
36132,"<ul><li><b>Molex 192210380 Copper Eyelet<br/></b></li><li>Category: <a href=""https://www.waytekwire.com/products/1427/Eyelets/"" target=""_blank"">Eyelets</a></li><li>Manufacturer: <a href=""https://www.waytekwire.com/manf/130/Molex/"" target=""_blank"">Molex</a></li><li>Stud size:3/8""</li><li>Wire gauge: 2</li><li>Orientation: Straight</li><li>Material: Bare Copper</li><li>Meets UL requirements</li><li>Heavy wall for maximum amperage and conductivity </li><li>ROHS compliant </li></ul>",36132.jpg
36140,"<ul><li><b>Molex 192210377 Copper Eyelet<br/></b></li><li>Category: <a href=""https://www.waytekwire.com/products/1427/Eyelets/"" target=""_blank"">Eyelets</a></li><li>Manufacturer: <a href=""https://www.waytekwire.com/manf/130/Molex/"" target=""_blank"">Molex</a></li><li>Stud size:3/8""</li><li>Wire gauge: 1/0</li><li>Orientation: Straight</li><li>Material: Bare Copper</li><li>Meets UL requirements</li><li>Heavy wall for maximum amperage and conductivity </li><li>ROHS compliant </li></ul>",36140.jpg
6147,"<ul><li><b style=""line-height: 1.69231;"">3M 6147 Water Activated Paper Tape Rolls</b></li><li><span style=""line-height: 1.69231;"">Category: </span><a href=""https://www.waytekwire.com/products/1421/Sealing-Bonding-Tape/"" style=""line-height: 1.66667;"" target=""_self"">Sealing &amp; Bonding Tape</a></li><li><span style=""line-height: 1.66667;"">Manufacturer: </span><a href=""https://www.waytekwire.com/manf/01/3M/"" style=""line-height: 1.66667;"" target=""_self"">3M</a></li><li><span style=""line-height: 1.66667;"">Series: Scotch</span></li><li><span style=""line-height: 1.66667;"">Width: 2-1/2""</span></li><li><span style=""line-height: 1.66667;"">Roll Length: 10'</span></li><li><span style=""line-height: 1.66667;"">Thickness: </span>45<span style=""line-height: 1.66667;""> mil</span></li><li><span style=""line-height: 1.66667;"">Voltage Rating: 600V</span></li><li>Dielectric Strength: 300V/mil</li><li><span style=""line-height: 1.66667;"">Seals high voltage cables and accessories</span></li><li><span style=""line-height: 1.66667;"">Self-fusing, rubber-based thin insulating mastic compound</span></li><li><span style=""line-height: 1.66667;"">Built-in vinyl backing for fast application and abrasion resistance</span></li><li><span style=""line-height: 1.66667;"">Use for moisture sealing electrical connections on automotive applications</span></li><li><span style=""line-height: 1.66667;"">Excellent resistance to abrasion, moisture, alkalies, acid copper corrosion and varying weather conditions</span></li>
</ul>",6147.jpg
WZ2-2,"<div>
<b>Spool Sizes Available: </b><b style=""line-height:
   1.6666666666666667;"">100', 250'</b><b style=""line-height:
   1.6666666666666667;""><font color=""#ff0000"">*</font></b><b style=""line-height:
   1.6666666666666667;"">, 500'<font color=""#ff0000"">*</font></b>
</div>",WZ2-2.jpg
WZ2-0,"<div>
<b>Spool Sizes Available: </b><b style=""line-height: 1.6666;"">100', 250'</b><b style=""line-height: 1.6666;""><font color=""#ff0000"">*</font></b><b style=""line-height: 1.6666;"">, 500'<font color=""#ff0000"">*</font></b>
</div>",WZ2-0.jpg
38248,"<ul><li><b>External Step Down Butt Connector 38248</b></li><li>Category: <a href=""https://www.waytekwire.com/products/1425/Butt-Connectors/"" target=""_blank"">Butt Connectors</a><br/></li><li>Used to connect two different sized wires, internal step down</li><li>Window allows for a sound mechanical crimp</li><li>Tin plated copper material</li><li>Stripes at both ends indicate which wire size to insert and which crimp die to use, external step down</li><li>12-10 GA to 8 GA</li><li>Stripe Color: yellow/pink</li></ul>",38248.jpg
31722,"<div><ul><li><b style=""line-height: 1.66667;"">Molex 19125-0037 </b><b style=""line-height: 1.66667;"">Nylon Insulated Fork Terminal</b></li><li><span style=""line-height: 1.66667;"">Category: </span><a href=""//www.waytekwire.com/products/1434/Spade-Terminals/"" style=""line-height: 1.66667;"" target=""_self"">Spade Terminals</a></li><li><span style=""line-height: 1.66667;"">Manufacturer: </span><a href=""//www.waytekwire.com/manf/130/MOLEX/"" style=""line-height: 1.66667;"" target=""_self"">Molex</a></li><li><span style=""line-height: 1.66667;"">Series: Avikrimp</span></li><li><span style=""line-height: 1.66667;"">Connector Type: </span><a href=""//www.waytekwire.com/products/1434/Spade-Terminals/&amp;Spade-Type=Flanged-Block"" style=""line-height: 1.66667;"" target=""_self"">Flanged Spade Connector</a></li><li><span style=""line-height: 1.66667;"">Color: Blue</span></li><li><span style=""line-height: 1.66667;"">Stud Size: </span><a href=""//www.waytekwire.com/products/1434/Spade-Terminals/&amp;Stud-Size=-10"" target=""_self"">#10</a></li><li><span style=""line-height: 1.66667;"">Insulation: </span><a href=""//www.waytekwire.com/products/1434/Spade-Terminals/&amp;Insulation-Material=Nylon"" target=""_self"">Nylon</a></li><li><span style=""line-height: 1.66667;"">Wire Gauge: </span><a href=""//www.waytekwire.com/products/1434/Spade-Terminals/&amp;Gauge=16-14"" target=""_self"">16-14 AWG</a></li><li><span style=""line-height: 1.66667;"">Material: Tin plated copper</span></li><li><span style=""line-height: 1.66667;"">Allows for easy wire insertion</span></li><li><span style=""line-height: 1.66667;"">Butted seam barrel for extra wire grip</span></li></ul></div>",31722.jpg
WT14-4,"<div>
<b>Spool Sizes Available: </b><b style=""line-height:
   1.6666666666666667;"">100', 500'</b><b style=""line-height:
   1.6666666666666667;""><font color=""#ff0000"">*</font></b>
</div>",WT14-4.jpg
LCP-350-500,"<ul>
<li><b>Corrugated Loom LCP-350-500</b></li><li>Category: <a href=""https://www.waytekwire.com/products/1469/Corrugated-Loom/"" target=""_blank"">Corrugated Loom</a></li><li>
      Convoluted surface protects against abrasion and pinching
   </li>
<li>
      Split loom easily slides over assembly and closes for a permanent installation
   </li>
<li>
      Used to protect wire, cable, tubing and hoses
   </li>
<li>
      Polyethylene
   </li>
<li>
      Black
   </li>
<li>
      Split
   </li>
<li>
      200°F (93°C)
   </li>
<li>
      500' box, ships separately
   </li>
<li>
      Boxes over 3 cubic feet are subject to dimensional weight chargers for
      ground shipments
   </li>
<li>
      For boxes that ship air freight, the dimensional weight will be used to
      determine the actual shipping charges
   </li>
</ul>",LCP-350-500.jpg
47925,"<ul><li><b style=""line-height: 1.66667;""><span style=""line-height: 1.66667;"">Grote <b style=""line-height: 1.66667;""><span style=""line-height: 1.66667;"">47092-3 </span></b>SuperNova </span><span style=""line-height: 20px;"">LED Clearance/Marker Light</span><span style=""line-height: 1.66667;"">s</span></b></li><li><span style=""line-height: 1.66667;"">Category: </span><a href=""https://www.waytekwire.com/products/1384/Clearance-Marker-Lights/"" style=""line-height: 1.66667;"" target=""_self"">Clearance/Marker Lights</a></li><li><span style=""line-height: 1.66667;"">Manufacturer: </span><a href=""//www.waytekwire.com/manf/55/GROTE/"" style=""line-height: 1.66667;"" target=""_self"">Grote</a></li><li><span style=""line-height: 1.66667;"">Series: US 19</span></li><li><span style=""line-height: 1.66667;"">Color: Red</span></li><li><span style=""line-height: 1.66667;"">Shape: 3.78"" Rectangle</span></li><li><span style=""line-height: 1.66667;"">Voltage/Amps: 12V @ 0.06A</span></li><li><span style="" line-height: 1.66667;"">SAE P2<br/></span></li><li><span style=""line-height: 1.66667;"">Use with </span><a href=""https://www.waytekwire.com/item/47928/Grote-43780-3-Clearance-Marker-Light-Bracket-/"" target=""_self"">Grote 43780-3 Marker Light Bracket</a></li><li><span style=""line-height: 1.66667;""><a href=""https://www.waytekwire.com/item/47926/CLEARANCE---MARKER-LED-LIGHT/"" target=""_self"">Grote 47093-3 Amber SuperNova Clearance/Marker LED Light</a> also available</span></li></ul>",47925.jpg
47926,"<ul><li><b style=""line-height: 1.66667;""><span style=""line-height: 1.66667;"">Grote <b style=""line-height: 1.66667;""><span style=""line-height: 1.66667;"">47093-3 </span></b>SuperNova </span><span style=""line-height: 20px;"">LED Clearance/Marker Light</span><span style=""line-height: 1.66667;"">s</span></b></li><li><span style=""line-height: 1.66667;"">Category: </span><a href=""https://www.waytekwire.com/products/1384/Clearance-Marker-Lights/"" style=""line-height: 1.66667;"" target=""_self"">Clearance/Marker Lights</a></li><li><span style=""line-height: 1.66667;"">Manufacturer: </span><a href=""//www.waytekwire.com/manf/55/GROTE/"" style=""line-height: 1.66667;"" target=""_self"">Grote</a></li><li><span style=""line-height: 1.66667;"">Series: US 19</span></li><li><span style=""line-height: 1.66667;"">Color: Amber</span></li><li><span style=""line-height: 1.66667;"">Shape: 3.78"" Rectangle</span></li><li><span style=""line-height: 1.66667;"">Voltage/Amps: 12V @ 0.06A</span></li><li><span style="" line-height: 1.66667;"">SAE P2<br/></span></li><li><span style=""line-height: 1.66667;"">Use with </span><a href=""https://www.waytekwire.com/item/47928/Grote-43780-3-Clearance-Marker-Light-Bracket-/"" target=""_self"">Grote 43780-3 Marker Light Bracket</a></li><li><span style=""line-height: 1.66667;""><a href=""https://www.waytekwire.com/item/47925/Grote-47092-3-Rectangular-LED-Clearance-Light/"" target=""_self"">Grote 47092-3 Red SuperNova Clearance/Marker LED Light</a> also available</span></li></ul>",47926.jpg
WL16-3,"<div>
<b>Spool Sizes Available:  500', 1000', 2500'</b><b>, 5</b><b>000'</b></div>",WL16-3.jpg
WB4-2,"<div>
<b>Spool Sizes Available: 100', 250', 500'<font color=""#ff0000"">*</font></b>
</div>",WB4-2.jpg
